Neighborhood,Borough
Allerton,Bronx
Williamsbridge,Bronx
Concourse,Bronx
Fordham,Bronx
Morris Park,Bronx
Hunts Point,Bronx
Port Morris,Bronx
West Farms,Bronx
Van Nest,Bronx
Baychester,Bronx
Throgs Neck,Bronx
Melrose,Bronx
Bronx River,Bronx
Morrisania,Bronx
Kingsbridge Heights,Bronx
Co-op City,Bronx
Bronxdale,Bronx
Castle Hill,Bronx
East Tremont,Bronx
University Heights,Bronx
Wakefield,Bronx
Morris Heights,Bronx
Mount Hope,Bronx
Claremont Village,Bronx
Eastchester,Bronx
City Island,Bronx
High Bridge,Bronx
Soundview,Bronx
Mott Haven,Bronx
Unionport,Bronx
Longwood,Bronx
Norwood,Bronx
Concourse Village,Bronx
Pelham Bay,Bronx
Bedford Park,Bronx
Mount Eden,Bronx
Kingsbridge,Bronx
Elmsford,Bronx
Woodstock,Bronx
Sheepshead Bay,Brooklyn
DUMBO,Brooklyn
Brownsville,Brooklyn
Ocean Hill,Brooklyn
Bergen Beach,Brooklyn
Coney Island,Brooklyn
Georgetown,Brooklyn
Fort Greene,Brooklyn
Bath Beach,Brooklyn
Brooklyn Heights,Brooklyn
Downtown,Brooklyn
Gowanus,Brooklyn
Clinton Hill,Brooklyn
Kensington,Brooklyn
Vinegar Hill,Brooklyn
Prospect Heights,Brooklyn
Carroll Gardens,Brooklyn
Crown Heights,Brooklyn
Brighton Beach,Brooklyn
Bay Ridge,Brooklyn
Red Hook,Brooklyn
Park Slope,Brooklyn
Flatlands,Brooklyn
Cypress Hills,Brooklyn
Flatbush,Brooklyn
Prospect Lefferts Gardens,Brooklyn
Greenpoint,Brooklyn
Borough Park,Brooklyn
Williamsburg,Brooklyn
Sea Gate,Brooklyn
Boerum Hill,Brooklyn
East Flatbush,Brooklyn
Gravesend,Brooklyn
Bedford Stuyvesant,Brooklyn
Navy Yard,Brooklyn
Marine Park,Brooklyn
Canarsie,Brooklyn
Bushwick,Brooklyn
Sunset Park,Brooklyn
Midwood,Brooklyn
Ditmas Park,Brooklyn
Mill Basin,Brooklyn
East New York,Brooklyn
Spring Creek,Brooklyn
Greenwood Heights,Brooklyn
Old Mill Basin,Brooklyn
East Williamsburg,Brooklyn
East Harlem,Manhattan
Lenox Hill,Manhattan
Clinton,Manhattan
Harlem (Central),Manhattan
Washington Heights,Manhattan
Astoria,Queens
Jackson Heights,Queens
Ozone Park,Queens
Little Neck,Queens
Flushing (Downtown),Queens
Hunters Point,Queens
Forest Hills,Queens
Elmhurst,Queens
Richmond Hill,Queens
Bayside,Queens
Woodside,Queens
Briarwood,Queens
Queens Village,Queens
Flushing,Queens
Maspeth,Queens
Springfield Gardens,Queens
Hollis,Queens
Fresh Meadows,Queens
Pomonok,Queens
Kew Gardens,Queens
Inwood,Queens
Cambria Heights,Queens
North Corona,Queens
Jamaica Estates,Queens
Howard Beach,Queens
Long Island City,Queens
College Point,Queens
Douglaston,Queens
St. Albans,Queens
Far Rockaway,Queens
Rosedale,Queens
Rochdale,Queens
Astoria Heights,Queens
Oakland Gardens,Queens
Rego Park,Queens
Rockaway Park,Queens
Seaside,Queens
Bellerose,Queens
Whitestone,Queens
Woodhaven,Queens
Auburndale,Queens
Glendale,Queens
Jamaica,Queens
Middle Village,Queens
Laurelton,Queens
Sunnyside,Queens
Queensboro Hill,Queens
Kew Gardens Hills,Queens
Lindenwood,Queens
Steinway,Queens
South Ozone Park,Queens
Dutch Kills,Queens
East Elmhurst,Queens
Ridgewood,Queens
Murray Hill,Queens
New Hyde Park,Queens
Stapleton,Staten Island
Rossville,Staten Island
Charleston,Staten Island
Port Ivory,Staten Island
Pleasant Plains,Staten Island
Mariner's Harbor,Staten Island
West Brighton,Staten Island
Elm Park,Staten Island
