Neighborhood,Borough
Astoria,Queens
Bay Ridge,Brooklyn
Bayside,Queens
Bedford Stuyvesant,Brooklyn
Bensonhurst,Brooklyn
Boro Park,Brooklyn
Brighon Beach,Brooklyn
Bronx,Bronx
Brooklyn Heights,Brooklyn
Brownsville,Brooklyn
Bushwick,Brooklyn
Canarsie,Brooklyn
College Point,Queens
Coney Island,Brooklyn
Corona,Queens
Crown Heights,Brooklyn
Cypress Hills,Brooklyn
Douglaston,Queens
Downtown Brooklyn,Brooklyn
East Elmhurst,Queens
East Flatbush,Brooklyn
East New York,Brooklyn
East Williamsburg,Brooklyn
Elmhurst,Queens
Far Rockaway,Queens
Flatbush,Brooklyn
Flatlands,Brooklyn
Flushing,Queens
Forest Hills,Queens
Fresh Meadows,Queens
Ft. Greene/Clinton Hill,Brooklyn
Glendale,Queens
Gowanus,Brooklyn
Greenpoint,Brooklyn
Hollis,Queens
Inwood,Queens
Jackson Heights,Queens
Jamaica,Queens
JFK,Queens
Kew Gardens,Queens
Little Neck,Queens
Long Island City,Queens
Maspeth,Queens
Middle Village,Queens
Midwood,Brooklyn
Mill Basin,Brooklyn
Ozone Park,Queens
Park Slope,Brooklyn
Prospect Heights,Brooklyn
Queens Village,Queens
Red Hook,Brooklyn
Rego Park,Queens
Richmond Hill,Queens
Ridgewood,Queens
Rockaway,Queens
Rosedale,Queens
Sheepshead Bay,Queens
South Ozone Park,Queens
Spring Creek,Brooklyn
Springfield Gardens,Queens
Sunset Park,Brooklyn
Whitestone,Queens
Willeet Point,Queens
Williamsburg,Brooklyn
Woodhaven,Queens
Woodside,Queens
